{"cameraMode":{"drawMode":0,"name":"Shaded","section":"Shading Mode"},"sceneLighting":true,"audioPlay":false,"sceneViewState":{"showFog":true,"showMaterialUpdate":false,"showSkybox":true,"showFlares":true,"showImageEffects":true,"showParticleSystems":true},"in2DMode":false,"pivot":{"x":0.44647216796875,"y":0.545074462890625,"z":0.68359375},"rotation":{"x":-0.027777833864092828,"y":-0.09133684635162354,"z":0.0025489607360213997,"w":-0.9954293370246887},"size":1.472426414489746,"orthographic":true}