{"cameraMode":{"drawMode":0,"name":"Shaded","section":"Shading Mode"},"sceneLighting":false,"audioPlay":false,"sceneViewState":{"showFog":true,"showMaterialUpdate":false,"showSkybox":true,"showFlares":true,"showImageEffects":true,"showParticleSystems":true},"in2DMode":false,"pivot":{"x":0.24199999868869782,"y":0.0,"z":-1.0759999752044678},"rotation":{"x":-0.18676169216632844,"y":0.49114179611206057,"z":-0.10869985818862915,"w":-0.8438507914543152},"size":0.16609768569469453,"orthographic":false}